Workbook

Sheet Master Sheet
A1: Result Sheet for Final Term Examination
A2: Class | B2: D.A Batch 8
A3: Date | B3: =TODAY() -> 46082
A4: Preparer | B4: Mansab Ejaz Bhutta
C5: Subjects
C6: Math | F6: Physics | I6: Chemistry | L6: Biology | O6: Islamiat | R6: Pak Studies | U6: Computer | X6: History | AA6: English | AD6: Urdu | AG6: Total
A7: Roll # | B7: Name | C7: Marks Obtained | D7: Total Marks | E7: %'age | F7: Marks Obtained | G7: Total Marks | H7: %'age | I7: Marks Obtained | J7: Total Marks | K7: %'age | L7: Marks Obtained | M7: Total Marks | N7: %'age | O7: Marks Obtained | P7: Total Marks | Q7: %'age | R7: Marks Obtained | S7: Total Marks | T7: %'age | U7: Marks Obtained | V7: Total Marks | W7: %'age | X7: Marks Obtained | Y7: Total Marks | Z7: %'age | AA7: Marks Obtained | AB7: Total Marks | AC7: %'age | AD7: Marks Obtained | AE7: Total Marks | AF7: %'age
A8: R0001 | B8: Kai Le | C8: 65 | D8: 100 | E8: 0.65 | F8: 43 | G8: 100 | H8: 0.43 | I8: 46 | J8: 100 | K8: 0.46 | L8: 99 | M8: 100 | N8: 0.99 | O8: 44 | P8: 100 | Q8: 0.44 | R8: 67 | S8: 100 | T8: 0.67 | U8: 86 | V8: 100 | W8: 0.86 | X8: 43 | Y8: 100 | Z8: 0.43 | AA8: 48 | AB8: 100 | AC8: 0.48 | AD8: 98 | AE8: 100 | AF8: 0.98 | AG8: 639
A9: R0002 | B9: Robert Patel | C9: 95 | D9: 100 | E9: 0.95 | F9: 82 | G9: 100 | H9: 0.82 | I9: 48 | J9: 100 | K9: 0.48 | L9: 100 | M9: 100 | N9: 1 | O9: 83 | P9: 100 | Q9: 0.83 | R9: 56 | S9: 100 | T9: 0.56 | U9: 88 | V9: 100 | W9: 0.88 | X9: 69 | Y9: 100 | Z9: 0.69 | AA9: 42 | AB9: 100 | AC9: 0.42 | AD9: 77 | AE9: 100 | AF9: 0.77 | AG9: 740
A10: R0003 | B10: Cameron Lo | C10: 79 | D10: 100 | E10: 0.79 | F10: 80 | G10: 100 | H10: 0.8 | I10: 62 | J10: 100 | K10: 0.62 | L10: 85 | M10: 100 | N10: 0.85 | O10: 73 | P10: 100 | Q10: 0.73 | R10: 57 | S10: 100 | T10: 0.57 | U10: 64 | V10: 100 | W10: 0.64 | X10: 47 | Y10: 100 | Z10: 0.47 | AA10: 47 | AB10: 100 | AC10: 0.47 | AD10: 83 | AE10: 100 | AF10: 0.83 | AG10: 677
A11: R0004 | B11: Harper Castillo | C11: 79 | D11: 100 | E11: 0.79 | F11: 84 | G11: 100 | H11: 0.84 | I11: 95 | J11: 100 | K11: 0.95 | L11: 75 | M11: 100 | N11: 0.75 | O11: 41 | P11: 100 | Q11: 0.41 | R11: 66 | S11: 100 | T11: 0.66 | U11: 81 | V11: 100 | W11: 0.81 | X11: 66 | Y11: 100 | Z11: 0.66 | AA11: 60 | AB11: 100 | AC11: 0.6 | AD11: 41 | AE11: 100 | AF11: 0.41 | AG11: 688
A12: R0005 | B12: Harper Dominguez | C12: 45 | D12: 100 | E12: 0.45 | F12: 88 | G12: 100 | H12: 0.88 | I12: 55 | J12: 100 | K12: 0.55 | L12: 72 | M12: 100 | N12: 0.72 | O12: 40 | P12: 100 | Q12: 0.4 | R12: 81 | S12: 100 | T12: 0.81 | U12: 53 | V12: 100 | W12: 0.53 | X12: 48 | Y12: 100 | Z12: 0.48 | AA12: 49 | AB12: 100 | AC12: 0.49 | AD12: 61 | AE12: 100 | AF12: 0.61 | AG12: 592
A13: R0006 | B13: Ezra Vu | C13: 59 | D13: 100 | E13: 0.59 | F13: 52 | G13: 100 | H13: 0.52 | I13: 93 | J13: 100 | K13: 0.93 | L13: 63 | M13: 100 | N13: 0.63 | O13: 95 | P13: 100 | Q13: 0.95 | R13: 43 | S13: 100 | T13: 0.43 | U13: 55 | V13: 100 | W13: 0.55 | X13: 92 | Y13: 100 | Z13: 0.92 | AA13: 45 | AB13: 100 | AC13: 0.45 | AD13: 53 | AE13: 100 | AF13: 0.53 | AG13: 650
A14: R0007 | B14: Jade Hu | C14: 58 | D14: 100 | E14: 0.58 | F14: 63 | G14: 100 | H14: 0.63 | I14: 93 | J14: 100 | K14: 0.93 | L14: 83 | M14: 100 | N14: 0.83 | O14: 83 | P14: 100 | Q14: 0.83 | R14: 43 | S14: 100 | T14: 0.43 | U14: 84 | V14: 100 | W14: 0.84 | X14: 58 | Y14: 100 | Z14: 0.58 | AA14: 97 | AB14: 100 | AC14: 0.97 | AD14: 51 | AE14: 100 | AF14: 0.51 | AG14: 713
A15: R0008 | B15: Miles Chang | C15: 81 | D15: 100 | E15: 0.81 | F15: 82 | G15: 100 | H15: 0.82 | I15: 60 | J15: 100 | K15: 0.6 | L15: 92 | M15: 100 | N15: 0.92 | O15: 51 | P15: 100 | Q15: 0.51 | R15: 92 | S15: 100 | T15: 0.92 | U15: 91 | V15: 100 | W15: 0.91 | X15: 42 | Y15: 100 | Z15: 0.42 | AA15: 89 | AB15: 100 | AC15: 0.89 | AD15: 48 | AE15: 100 | AF15: 0.48 | AG15: 728
A16: R0009 | B16: Gianna Holmes | C16: 73 | D16: 100 | E16: 0.73 | F16: 86 | G16: 100 | H16: 0.86 | I16: 69 | J16: 100 | K16: 0.69 | L16: 48 | M16: 100 | N16: 0.48 | O16: 98 | P16: 100 | Q16: 0.98 | R16: 44 | S16: 100 | T16: 0.44 | U16: 43 | V16: 100 | W16: 0.43 | X16: 90 | Y16: 100 | Z16: 0.9 | AA16: 61 | AB16: 100 | AC16: 0.61 | AD16: 85 | AE16: 100 | AF16: 0.85 | AG16: 697
A17: R0010 | B17: Jameson Thomas | C17: 58 | D17: 100 | E17: 0.58 | F17: 72 | G17: 100 | H17: 0.72 | I17: 95 | J17: 100 | K17: 0.95 | L17: 84 | M17: 100 | N17: 0.84 | O17: 57 | P17: 100 | Q17: 0.57 | R17: 67 | S17: 100 | T17: 0.67 | U17: 99 | V17: 100 | W17: 0.99 | X17: 62 | Y17: 100 | Z17: 0.62 | AA17: 60 | AB17: 100 | AC17: 0.6 | AD17: 94 | AE17: 100 | AF17: 0.94 | AG17: 748
A18: R0011 | B18: Jameson Pena | C18: 97 | D18: 100 | E18: 0.97 | F18: 70 | G18: 100 | H18: 0.7 | I18: 98 | J18: 100 | K18: 0.98 | L18: 83 | M18: 100 | N18: 0.83 | O18: 67 | P18: 100 | Q18: 0.67 | R18: 86 | S18: 100 | T18: 0.86 | U18: 97 | V18: 100 | W18: 0.97 | X18: 94 | Y18: 100 | Z18: 0.94 | AA18: 70 | AB18: 100 | AC18: 0.7 | AD18: 45 | AE18: 100 | AF18: 0.45 | AG18: 807
A19: R0012 | B19: Bella Wu | C19: 59 | D19: 100 | E19: 0.59 | F19: 91 | G19: 100 | H19: 0.91 | I19: 79 | J19: 100 | K19: 0.79 | L19: 62 | M19: 100 | N19: 0.62 | O19: 83 | P19: 100 | Q19: 0.83 | R19: 91 | S19: 100 | T19: 0.91 | U19: 45 | V19: 100 | W19: 0.45 | X19: 62 | Y19: 100 | Z19: 0.62 | AA19: 68 | AB19: 100 | AC19: 0.68 | AD19: 66 | AE19: 100 | AF19: 0.66 | AG19: 706
... A37: R0030 | B37: Husein Augar | C37: 55 | D37: 100 | E37: 0.55 | F37: 63 | G37: 100 | H37: 0.63 | I37: 52 | J37: 100 | K37: 0.52 | L37: 44 | M37: 100 | N37: 0.44 | O37: 89 | P37: 100 | Q37: 0.89 | R37: 59 | S37: 100 | T37: 0.59 | U37: 73 | V37: 100 | W37: 0.73 | X37: 50 | Y37: 100 | Z37: 0.5 | AA37: 73 | AB37: 100 | AC37: 0.73 | AD37: 74 | AE37: 100 | AF37: 0.74 | AG37: 632

Sheet Result CARD
A1: Result Card
A3: Class | B3: D.A Batch 8
A4: Date | B4: =TODAY() -> 46082
A5: Roll # | B5: R0001
A6: Name | B6: =VLOOKUP(B5,'Master Sheet'!A8:B37,2,0) -> Kai Le
A7: Prepared By | B7: Mansab Ejaz Bhutta
A8: Subjects | B8: Marks Obtained | C8: Total Marks | D8: %'age | E8: Class Average | F8: Class Highest | G8: Class Lowest | H8: Pass/Fail | I8: Grade | J8: Remarks
A9: Math | B9: {=_xlfn.XLOOKUP($B$6,'Master Sheet'!$B$8:$B$37,'Master Sheet'!C$8:D$37,)} -> 65 | C9: 100 | D9: =B9% -> 0.65 | E9: =AVERAGE('Master Sheet'!$C$8:$C$37) -> 67.366667 | F9: =MAX('Master Sheet'!$C$8:$C$37) -> 98 | G9: =MIN('Master Sheet'!$C$8:$C$37) -> 40 | H9: =IF(D9>=45%,"Pass","Fail") -> Pass | I9: =VLOOKUP(D9,'Grading Criteria'!$A$3:$B$11,2,1) -> C | J9: =VLOOKUP(D9,'Remarks Criteria'!$A$3:$B$11,2,1) -> WORK HARDER TO ACHIEVE BETTER
A10: Physics | B10: {=_xlfn.XLOOKUP(B6,'Master Sheet'!B8:B37,'Master Sheet'!F8:G37)} -> 43 | C10: 100 | D10: =B10% -> 0.43 | E10: =AVERAGE('Master Sheet'!$F$8:$F$37) -> 71.3 | F10: =MAX('Master Sheet'!$F$8:$F$37) -> 98 | G10: =MIN('Master Sheet'!$F$8:$F$37) -> 40 | H10: =IF(D10>=45%,"Pass","Fail") -> Fail | I10: =VLOOKUP(D10,'Grading Criteria'!$A$3:$B$11,2,1) -> F | J10: =VLOOKUP(D10,'Remarks Criteria'!$A$3:$B$11,2,1) -> VERY POOR, CLASS REPEAT
A11: Chemistry | B11: {=_xlfn.XLOOKUP(B6,'Master Sheet'!B8:B37,'Master Sheet'!I8:J37)} -> 46 | C11: 100 | D11: =B11% -> 0.46 | E11: =AVERAGE('Master Sheet'!$I$8:$I$37) -> 67.1 | F11: =MAX('Master Sheet'!$I$8:$I$37) -> 98 | G11: =MIN('Master Sheet'!$I$8:$I$37) -> 40 | H11: =IF(D11>=45%,"Pass","Fail") -> Pass | I11: =VLOOKUP(D11,'Grading Criteria'!$A$3:$B$11,2,1) -> D | J11: =VLOOKUP(D11,'Remarks Criteria'!$A$3:$B$11,2,1) -> POOR PERFORMANCE
A12: Biology | B12: {=_xlfn.XLOOKUP(B6,'Master Sheet'!B8:B37,'Master Sheet'!L8:M37)} -> 99 | C12: 100 | D12: =B12% -> 0.99 | E12: =AVERAGE('Master Sheet'!$L$8:$L$37) -> 69.733333 | F12: =MAX('Master Sheet'!$L$8:$L$37) -> 100 | G12: =MIN('Master Sheet'!$L$8:$L$37) -> 40 | H12: =IF(D12>=45%,"Pass","Fail") -> Pass | I12: =VLOOKUP(D12,'Grading Criteria'!$A$3:$B$11,2,1) -> A+ | J12: =VLOOKUP(D12,'Remarks Criteria'!$A$3:$B$11,2,1) -> BRAVO
A13: Islamiat | B13: {=_xlfn.XLOOKUP(B6,'Master Sheet'!B8:B37,'Master Sheet'!O8:P37,)} -> 44 | C13: 100 | D13: =B13% -> 0.44 | E13: =AVERAGE('Master Sheet'!$O$8:$O$37) -> 72.766667 | F13: =MAX('Master Sheet'!$O$8:$O$37) -> 98 | G13: =MIN('Master Sheet'!$O$8:$O$37) -> 40 | H13: =IF(D13>=45%,"Pass","Fail") -> Fail | I13: =VLOOKUP(D13,'Grading Criteria'!$A$3:$B$11,2,1) -> F | J13: =VLOOKUP(D13,'Remarks Criteria'!$A$3:$B$11,2,1) -> VERY POOR, CLASS REPEAT
A14: Pak Studies | B14: {=_xlfn.XLOOKUP(B6,'Master Sheet'!B8:B37,'Master Sheet'!R8:S37)} -> 67 | C14: 100 | D14: =B14% -> 0.67 | E14: =AVERAGE('Master Sheet'!$R$8:$R$37) -> 65.7 | F14: =MAX('Master Sheet'!$R$8:$R$37) -> 99 | G14: =MIN('Master Sheet'!$R$8:$R$37) -> 42 | H14: =IF(D14>=45%,"Pass","Fail") -> Pass | I14: =VLOOKUP(D14,'Grading Criteria'!$A$3:$B$11,2,1) -> C | J14: =VLOOKUP(D14,'Remarks Criteria'!$A$3:$B$11,2,1) -> WORK HARDER TO ACHIEVE BETTER
A15: Computer | B15: {=_xlfn.XLOOKUP(B6,'Master Sheet'!B8:B37,'Master Sheet'!U8:V37)} -> 86 | C15: 100 | D15: =B15% -> 0.86 | E15: =AVERAGE('Master Sheet'!$U$8:$U$37) -> 69.6 | F15: =MAX('Master Sheet'!$U$8:$U$37) -> 99 | G15: =MIN('Master Sheet'!$U$8:$U$37) -> 40 | H15: =IF(D15>=45%,"Pass","Fail") -> Pass | I15: =VLOOKUP(D15,'Grading Criteria'!$A$3:$B$11,2,1) -> B+ | J15: =VLOOKUP(D15,'Remarks Criteria'!$A$3:$B$11,2,1) -> VERY GOOD, KEEP IT UP
A16: History | B16: {=_xlfn.XLOOKUP(B6,'Master Sheet'!B8:B37,'Master Sheet'!X8:Y37,)} -> 43 | C16: 100 | D16: =B16% -> 0.43 | E16: =AVERAGE('Master Sheet'!$X$8:$X$37) -> 67.7 | F16: =MAX('Master Sheet'!$X$8:$X$37) -> 99 | G16: =MIN('Master Sheet'!$X$8:$X$37) -> 40 | H16: =IF(D16>=45%,"Pass","Fail") -> Fail | I16: =VLOOKUP(D16,'Grading Criteria'!$A$3:$B$11,2,1) -> F | J16: =VLOOKUP(D16,'Remarks Criteria'!$A$3:$B$11,2,1) -> VERY POOR, CLASS REPEAT
A17: English | B17: {=_xlfn.XLOOKUP(B6,'Master Sheet'!B8:B37,'Master Sheet'!AA8:AB37)} -> 48 | C17: 100 | D17: =B17% -> 0.48 | E17: =AVERAGE('Master Sheet'!$AA$8:$AA$37) -> 68.166667 | F17: =MAX('Master Sheet'!$AA$8:$AA$37) -> 99 | G17: =MIN('Master Sheet'!$AA$8:$AA$37) -> 42 | H17: =IF(D17>=45%,"Pass","Fail") -> Pass | I17: =VLOOKUP(D17,'Grading Criteria'!$A$3:$B$11,2,1) -> D | J17: =VLOOKUP(D17,'Remarks Criteria'!$A$3:$B$11,2,1) -> POOR PERFORMANCE
A18: Urdu | B18: {=_xlfn.XLOOKUP(B6,'Master Sheet'!B8:B37,'Master Sheet'!AD8:AE37)} -> 98 | C18: 100 | D18: =B18% -> 0.98 | E18: =AVERAGE('Master Sheet'!$AD$8:$AD$37) -> 73.033333 | F18: =MAX('Master Sheet'!$AD$8:$AD$37) -> 99 | G18: =MIN('Master Sheet'!$AD$8:$AD$37) -> 41 | H18: =IF(D18>=45%,"Pass","Fail") -> Pass | I18: =VLOOKUP(D18,'Grading Criteria'!$A$3:$B$11,2,1) -> A+ | J18: =VLOOKUP(D18,'Remarks Criteria'!$A$3:$B$11,2,1) -> BRAVO
A19: Total | B19: =SUM(B9:B18) -> 639 | C19: =SUM(C9:C18) -> 1000 | D19: =AVERAGE(D9:D18) -> 0.639 | H19: Position Obtained | J19: =RANK(B19,'Master Sheet'!AG8:AG37,) -> 26
A21: Remarks
A22: =VLOOKUP(D19,'Remarks Criteria'!$A$3:$B$11,2,1) -> NEED MORE ATTENTION

Sheet Rank Chart
A1: Student Rankings Chart
B3: Physics | C3: History | D3: Islamiat | E3: Chemistry | F3: English | G3: Math | H3: Pak Studies | I3: Computer | J3: Urdu | K3: Biology | L3: Total | M3: Ranking
A4: Jameson Pena | B4: 70 | C4: 94 | D4: 67 | E4: 98 | F4: 70 | G4: 97 | H4: 86 | I4: 97 | J4: 45 | K4: 83 | L4: =SUM(B4:K4) -> 807 | M4: 1st
A5: Jacob Moore | B5: 79 | C5: 89 | D5: 84 | E5: 44 | F5: 68 | G5: 81 | H5: 67 | I5: 94 | J5: 91 | K5: 65 | L5: =SUM(B5:K5) -> 762 | M5: 2nd
A6: Jordan Kumar | B6: 73 | C6: 95 | D6: 96 | E6: 88 | F6: 62 | G6: 88 | H6: 45 | I6: 48 | J6: 69 | K6: 97 | L6: =SUM(B6:K6) -> 761 | M6: 3rd
A7: Jose Wong | B7: 85 | C7: 84 | D7: 93 | E7: 54 | F7: 91 | G7: 94 | H7: 79 | I7: 66 | J7: 58 | K7: 52 | L7: =SUM(B7:K7) -> 756 | M7: 4th
A8: Luna Lu | B8: 98 | C8: 99 | D8: 43 | E8: 66 | F8: 84 | G8: 71 | H8: 50 | I8: 95 | J8: 80 | K8: 65 | L8: =SUM(B8:K8) -> 751 | M8: 5th
A9: Kaine Padly | B9: 83 | C9: 79 | D9: 81 | E9: 64 | F9: 99 | G9: 63 | H9: 89 | I9: 47 | J9: 54 | K9: 91 | L9: =SUM(B9:K9) -> 750 | M9: 6th
A10: Jameson Thomas | B10: 72 | C10: 62 | D10: 57 | E10: 95 | F10: 60 | G10: 58 | H10: 67 | I10: 99 | J10: 94 | K10: 84 | L10: =SUM(B10:K10) -> 748 | M10: 7th
A11: Robert Patel | B11: 82 | C11: 69 | D11: 83 | E11: 48 | F11: 42 | G11: 95 | H11: 56 | I11: 88 | J11: 77 | K11: 100 | L11: =SUM(B11:K11) -> 740 | M11: 8th
A12: Gunar Cockshoot | B12: 67 | C12: 92 | D12: 98 | E12: 90 | F12: 62 | G12: 51 | H12: 60 | I12: 79 | J12: 96 | K12: 40 | L12: =SUM(B12:K12) -> 735 | M12: 9th
A13: Miles Chang | B13: 82 | C13: 42 | D13: 51 | E13: 60 | F13: 89 | G13: 81 | H13: 92 | I13: 91 | J13: 48 | K13: 92 | L13: =SUM(B13:K13) -> 728 | M13: 10th
A14: Barr Faughny | B14: 75 | C14: 62 | D14: 88 | E14: 71 | F14: 89 | G14: 63 | H14: 84 | I14: 52 | J14: 73 | K14: 69 | L14: =SUM(B14:K14) -> 726 | M14: 11th
A15: Jade Hu | B15: 63 | C15: 58 | D15: 83 | E15: 93 | F15: 97 | G15: 58 | H15: 43 | I15: 84 | J15: 51 | K15: 83 | L15: =SUM(B15:K15) -> 713 | M15: 12th
... A33: Ches Bonnell | B33: 40 | C33: 48 | D33: 64 | E33: 40 | F33: 67 | G33: 45 | H33: 57 | I33: 40 | J33: 66 | K33: 77 | L33: =SUM(B33:K33) -> 544 | M33: 30th

Sheet Grading Criteria
A2: Marks %'age | B2: Grade | D2: Marks %'age | E2: Pass/Fail
A3: 0 | B3: F | D3: 0.45 | E3: Fail
A4: 0.45 | B4: D
A5: 0.57 | B5: D+
A6: 0.65 | B6: C
A7: 0.73 | B7: C+
A8: 0.78 | B8: B
A9: 0.85 | B9: B+
A10: 0.9 | B10: A
A11: 0.95 | B11: A+

Sheet Remarks Criteria
A2: Marks %'age | B2: Remarks
A3: 0 | B3: VERY POOR, CLASS REPEAT
A4: 0.45 | B4: POOR PERFORMANCE
A5: 0.57 | B5: NEED MORE ATTENTION
A6: 0.65 | B6: WORK HARDER TO ACHIEVE BETTER
A7: 0.73 | B7: NEED IMPROVEMENT
A8: 0.78 | B8: NICE IMPROVEMENT, KEEP IT UP
A9: 0.85 | B9: VERY GOOD, KEEP IT UP
A10: 0.9 | B10: EXCELLENT, BRIGHT FUTURE A HEAD
A11: 0.95 | B11: BRAVO
